{
    "$schema": "https://raw.githubusercontent.com/Microsoft/azure-pipelines-task-lib/master/tasks.schema.json",
    "id": "4f607cc9-4b32-4db5-80bf-08fb9ec188d1",
    "name": "localcheckoutazure",
    "friendlyName": "Local Checkout",
    "description": "Copy the workspace from the Runner.Client to the Agent",
    "helpMarkDown": "",
    "category": "Utility",
    "author": "ChristopherHX",
    "version": {
        "Major": 0,
        "Minor": 1,
        "Patch": 2
    },
    "instanceNameFormat": "LocalCheckout",
    "execution": {
        "Node16": {
            "target": "index.js"
        },
        "Node10": {
            "target": "index.js"
        }
    },
    "inputs": [
        {
            "name": "workingDirectory",
            "type": "filePath",
            "label": "Working Directory",
            "required": false,
            "defaultValue": "",
            "helpMarkDown": "Working directory where the script is run.",
            "groupName": "advanced"
        }
    ]
}